review_id,order_id,customer_id,restaurant_id,review_text,rating,review_timestamp
REV-000002,ORD-20250905-482950,CUST-10319,REST-AUH-001,Unsatisfactory. Chicken 65 and Palak Paneer were not fresh. Chicken 65 tasted reheated. Won't order again.,2,2025-09-07T18:22:09.000778
REV-000003,ORD-20250906-477442,CUST-10034,REST-AUH-001,Exceptional quality! Ordered Butter Chicken and Jeera Rice and everything was delicious. The Jeera Rice melted in my mouth. Perfect!,5,2025-09-07T18:57:37.000778
REV-000001,ORD-20250903-294207,CUST-10264,REST-DXB-001,Shocking! Fish Curry  Dal Makhani  Jeera Rice  and Paneer Butter Masala bore no resemblance to the menu description. Dal Makhani was inedible. Refund demanded!,1,2025-09-08T19:51:04.000778
REV-000006,ORD-20250909-398593,CUST-10109,REST-AUH-001,Very satisfied! Chicken Seekh Kebab were fresh and flavorful. Chicken Seekh Kebab was the standout dish.,4,2025-09-10T19:34:09.000778
REV-000007,ORD-20250910-670692,CUST-10459,REST-AUH-002,Very satisfied! Lamb Rogan Josh and Mango Lassi were fresh and flavorful. Lamb Rogan Josh was the standout dish.,4,2025-09-12T12:11:03.000778
REV-000004,ORD-20250906-333785,CUST-10113,REST-DXB-001,Hands down the best Garlic Naan I've ever had! Garlic Naan were all prepared beautifully. Fresh and flavorful!,5,2025-09-12T20:24:43.000778
REV-000005,ORD-20250909-769855,CUST-10237,REST-DXB-002,Poor experience. Fish Curry  Palak Paneer  Chicken Biryani  and Chicken 65 were disappointing. Chicken 65 was burnt on the edges. Very unhappy.,2,2025-09-14T12:28:02.000778
REV-000009,ORD-20250912-302610,CUST-10006,REST-DXB-001,Absolutely amazing Palak Paneer  Chicken Seekh Kebab  and Butter Chicken! The Butter Chicken was cooked to perfection. Fresh ingredients and authentic flavors. Highly recommend!,5,2025-09-14T15:20:44.000778
REV-000010,ORD-20250912-166539,CUST-10263,REST-AUH-001,Decent food but nothing special. Butter Naan and Rasmalai (2 pcs) were okay. Rasmalai (2 pcs) lacked the punch I expected.,3,2025-09-14T18:05:58.000778
REV-000012,ORD-20250913-380541,CUST-10486,REST-DXB-001,Incredible meal! Paneer Butter Masala  Fish Curry  Chicken Tikka Masala  Garlic Naan  and Sweet Lassi arrived hot and fresh. The Paneer Butter Masala was absolutely divine. Highly satisfied!,5,2025-09-15T12:58:29.000778
REV-000008,ORD-20250911-369339,CUST-10399,REST-SHJ-001,Good quality food. Mango Lassi  Chole Bhature  Rasmalai (2 pcs)  Fresh Lime Soda  and Malai Kofta were nicely done. Chole Bhature could have been slightly spicier but still good!,4,2025-09-15T18:44:19.000778
REV-000013,ORD-20250913-154243,CUST-10083,REST-AUH-002,Wow! Just wow! Aloo Tikki Chaat  Mango Lassi  Chicken 65  Sweet Lassi  and Dal Makhani were all fantastic. Chicken 65 was particularly memorable. Can't wait to order again!,5,2025-09-16T16:35:59.000778
REV-000011,ORD-20250912-445047,CUST-10236,REST-AUH-001,Poor experience. Chicken Tikka Masala  Fish Curry  Chicken Biryani  and Kulfi were disappointing. Kulfi was burnt on the edges. Very unhappy.,2,2025-09-16T22:22:45.000778
REV-000014,ORD-20250913-375641,CUST-10063,REST-AUH-002,Average experience. Mango Lassi  Palak Paneer  and Malai Kofta were fine but Mango Lassi was a bit bland. Room for improvement.,3,2025-09-19T17:50:00.000778
REV-000015,ORD-20250920-145116,CUST-10231,REST-AUH-002,Pleasant meal! Vegetable Biryani  Paneer Tikka  and Kulfi arrived warm. Paneer Tikka was tasty though not exceptional. Would order again.,4,2025-09-24T21:33:23.000778
REV-000016,ORD-20250921-518044,CUST-10364,REST-DXB-001,Poor experience. Mango Lassi and Jeera Rice were disappointing. Mango Lassi was burnt on the edges. Very unhappy.,2,2025-09-26T14:00:18.000778
REV-000018,ORD-20250927-647853,CUST-10243,REST-DXB-001,Pleasant meal! Chicken Seekh Kebab  Lamb Rogan Josh  Dal Makhani  Rasmalai (2 pcs)  and Chole Bhature arrived warm. Dal Makhani was tasty though not exceptional. Would order again.,4,2025-09-28T13:13:09.000778
REV-000017,ORD-20250923-880760,CUST-10189,REST-DXB-002,Not bad  not great. Mango Lassi  Masala Chai  Butter Naan  Chicken Seekh Kebab  and Paneer Tikka were edible. Masala Chai needed more seasoning.,3,2025-09-30T14:09:47.000778
REV-000019,ORD-20250930-210412,CUST-10189,REST-DXB-001,Absolutely horrible! Chicken Tikka Masala  Aloo Tikki Chaat  and Chole Bhature arrived ice cold after 2 hour delay. Chole Bhature was spoiled. Disgusting!,1,2025-10-07T18:02:28.000778
REV-000020,ORD-20251005-694748,CUST-10496,REST-DXB-001,Outstanding experience! The Paneer Butter Masala  Samosa (2 pcs)  Fish Curry  Malai Kofta  and Chicken Biryani exceeded all expectations. Malai Kofta was the star of the meal. Will definitely order again!,5,2025-10-09T11:55:02.000778
REV-000022,ORD-20251008-867357,CUST-10362,REST-DXB-001,Not good. Fish Curry and Aloo Tikki Chaat arrived late and cold. Fish Curry had barely any flavor. Poor quality.,2,2025-10-10T10:11:51.000778
REV-000021,ORD-20251007-625139,CUST-10024,REST-AUH-001,Not good. Butter Chicken and Garlic Naan arrived late and cold. Garlic Naan had barely any flavor. Poor quality.,2,2025-10-12T22:26:20.000778
REV-000023,ORD-20251012-240286,CUST-10471,REST-AUH-002,Incredible meal! Fish Curry and Dal Makhani arrived hot and fresh. The Fish Curry was absolutely divine. Highly satisfied!,5,2025-10-16T16:29:11.000778
REV-000025,ORD-20251016-627595,CUST-10365,REST-AUH-002,Mixed feelings. Sweet Lassi were acceptable. Sweet Lassi was decent but portion was small for the price.,3,2025-10-18T21:48:53.000778
REV-000027,ORD-20251020-648341,CUST-10190,REST-DXB-002,Exceptional quality! Ordered Lamb Rogan Josh  Gulab Jamun (2 pcs)  Chicken Tikka Masala  and Tandoori Roti and everything was delicious. The Lamb Rogan Josh melted in my mouth. Perfect!,5,2025-10-22T10:43:06.000778
REV-000024,ORD-20251015-209391,CUST-10181,REST-DXB-002,Really good Gajar Halwa  Aloo Tikki Chaat  Butter Naan  Naan  and Chicken 65! The Aloo Tikki Chaat was delicious. Slight delay in delivery but food quality made up for it.,4,2025-10-22T16:00:49.000778
REV-000026,ORD-20251017-960618,CUST-10104,REST-AUH-001,Below expectations. Mango Lassi were underwhelming. Mango Lassi was overcooked and dry.,2,2025-10-24T10:27:51.000778
REV-000030,ORD-20251022-788929,CUST-10395,REST-SHJ-001,Hands down the best Malai Kofta I've ever had! Malai Kofta were all prepared beautifully. Fresh and flavorful!,5,2025-10-24T12:58:37.000778
REV-000028,ORD-20251020-938754,CUST-10297,REST-AUH-001,Enjoyed the Chicken Seekh Kebab! Chicken Seekh Kebab was very good. Portion sizes were generous. Recommend!,4,2025-10-24T22:17:35.000778
REV-000029,ORD-20251021-929809,CUST-10155,REST-AUH-001,Great food overall. Malai Kofta  Paneer Butter Masala  and Mango Lassi were tasty  especially the Paneer Butter Masala. Would order again!,4,2025-10-27T10:38:32.000778
REV-000031,ORD-20251101-843981,CUST-10382,REST-SHJ-001,It was okay. Paneer Tikka  Lamb Rogan Josh  and Gajar Halwa arrived lukewarm. Lamb Rogan Josh tasted fine but could be better.,3,2025-11-05T11:08:08.000778
REV-000033,ORD-20251105-830148,CUST-10309,REST-DXB-002,Outstanding experience! The Fish Curry  Naan  Paneer Tikka  Gajar Halwa  and Sweet Lassi exceeded all expectations. Gajar Halwa was the star of the meal. Will definitely order again!,5,2025-11-06T19:09:06.000778
REV-000032,ORD-20251103-545655,CUST-10074,REST-SHJ-001,Perfect in every way! Masala Chai and Tandoori Roti were all excellent. Tandoori Roti stood out with its rich  authentic taste.,5,2025-11-08T17:17:59.000778
REV-000034,ORD-20251105-370491,CUST-10352,REST-SHJ-001,Perfect in every way! Paneer Tikka and Fish Curry were all excellent. Paneer Tikka stood out with its rich  authentic taste.,5,2025-11-09T20:29:12.000778
REV-000035,ORD-20251114-619519,CUST-10174,REST-AUH-001,Not good. Chicken Tikka Masala  Kulfi  and Gajar Halwa arrived late and cold. Kulfi had barely any flavor. Poor quality.,2,2025-11-16T15:30:09.000778
REV-000036,ORD-20251118-379997,CUST-10474,REST-SHJ-001,Outstanding experience! The Chicken 65  Naan  and Lamb Rogan Josh exceeded all expectations. Naan was the star of the meal. Will definitely order again!,5,2025-11-21T18:31:35.000778
REV-000037,ORD-20251121-918978,CUST-10155,REST-DXB-002,Absolutely amazing Butter Naan  Chicken Seekh Kebab  Palak Paneer  and Paneer Butter Masala! The Butter Naan was cooked to perfection. Fresh ingredients and authentic flavors. Highly recommend!,5,2025-11-24T13:47:41.000778
REV-000038,ORD-20251122-301624,CUST-10309,REST-AUH-002,Poor experience. Naan were disappointing. Naan was burnt on the edges. Very unhappy.,2,2025-11-25T18:19:29.000778
REV-000039,ORD-20251124-438795,CUST-10480,REST-SHJ-001,Average experience. Palak Paneer  Chole Bhature  and Tandoori Roti were fine but Tandoori Roti was a bit bland. Room for improvement.,3,2025-11-29T19:32:13.000778
REV-000040,ORD-20251129-669894,CUST-10031,REST-SHJ-001,Wow! Just wow! Tandoori Roti  Fresh Lime Soda  Masala Chai  and Gulab Jamun (2 pcs) were all fantastic. Masala Chai was particularly memorable. Can't wait to order again!,5,2025-11-30T21:38:47.000778
REV-000042,ORD-20251205-471286,CUST-10415,REST-AUH-001,Not bad  not great. Vegetable Biryani  Samosa (2 pcs)  and Garlic Naan were edible. Samosa (2 pcs) needed more seasoning.,3,2025-12-06T19:33:16.000778
REV-000041,ORD-20251204-323998,CUST-10235,REST-AUH-001,Good quality food. Fish Curry  Sweet Lassi  and Vegetable Biryani were nicely done. Fish Curry could have been slightly spicier but still good!,4,2025-12-06T19:54:34.000778
REV-000045,ORD-20251211-507867,CUST-10068,REST-AUH-001,Poor experience. Jeera Rice  Samosa (2 pcs)  Fresh Lime Soda  Lamb Rogan Josh  and Chicken Tikka Masala were disappointing. Chicken Tikka Masala was burnt on the edges. Very unhappy.,2,2025-12-12T14:12:23.000778
REV-000044,ORD-20251210-147466,CUST-10236,REST-SHJ-001,Best Indian food in UAE! Paneer Tikka  Malai Kofta  Aloo Tikki Chaat  Fish Curry  and Jeera Rice were incredible. Paneer Tikka had the perfect balance of spices. Five stars!,5,2025-12-13T21:53:46.000778
REV-000043,ORD-20251208-372140,CUST-10464,REST-AUH-001,Shocking! Chole Bhature bore no resemblance to the menu description. Chole Bhature was inedible. Refund demanded!,1,2025-12-15T10:53:24.000778
REV-000046,ORD-20251214-168115,CUST-10087,REST-AUH-002,Solid experience. Samosa (2 pcs) and Chicken Biryani were well-prepared. Chicken Biryani had great flavor. Minor issues with packaging.,4,2025-12-17T14:34:28.000778
REV-000047,ORD-20251221-371231,CUST-10175,REST-SHJ-001,Hands down the best Naan I've ever had! Naan were all prepared beautifully. Fresh and flavorful!,5,2025-12-25T18:16:57.000778
REV-000049,ORD-20251226-378130,CUST-10341,REST-DXB-001,Hands down the best Rasmalai (2 pcs) I've ever had! Rasmalai (2 pcs) were all prepared beautifully. Fresh and flavorful!,5,2025-12-31T17:04:46.000778
REV-000048,ORD-20251225-595388,CUST-10362,REST-DXB-002,Good quality food. Butter Chicken  Fresh Lime Soda  and Chicken Biryani were nicely done. Butter Chicken could have been slightly spicier but still good!,4,2026-01-01T12:44:47.000778
REV-000051,ORD-20260102-262203,CUST-10352,REST-AUH-001,Best Indian food in UAE! Chicken 65  Paneer Butter Masala  Gulab Jamun (2 pcs)  and Kulfi were incredible. Chicken 65 had the perfect balance of spices. Five stars!,5,2026-01-06T21:10:07.000778
REV-000050,ORD-20251231-452557,CUST-10121,REST-AUH-002,Perfect in every way! Fish Curry and Mango Lassi were all excellent. Fish Curry stood out with its rich  authentic taste.,5,2026-01-07T15:56:43.000778
REV-000052,ORD-20260105-592241,CUST-10064,REST-DXB-001,Solid experience. Tandoori Roti  Palak Paneer  Lamb Rogan Josh  Chicken Tikka Masala  and Jeera Rice were well-prepared. Palak Paneer had great flavor. Minor issues with packaging.,4,2026-01-09T18:54:27.000778
REV-000053,ORD-20260110-937903,CUST-10068,REST-AUH-002,Best Indian food in UAE! Sweet Lassi  Palak Paneer  Dal Makhani  and Chole Bhature were incredible. Dal Makhani had the perfect balance of spices. Five stars!,5,2026-01-14T18:06:20.000778
REV-000054,ORD-20260114-953537,CUST-10298,REST-SHJ-001,Worst food ever! Paneer Butter Masala  Malai Kofta  Gulab Jamun (2 pcs)  and Chole Bhature were all wrong. Paneer Butter Masala made me sick. Never ordering again!,1,2026-01-15T18:57:14.000778
REV-000055,ORD-20260115-253909,CUST-10201,REST-DXB-001,Best Indian food in UAE! Chicken Biryani  Masala Chai  Vegetable Biryani  Gajar Halwa  and Fish Curry were incredible. Fish Curry had the perfect balance of spices. Five stars!,5,2026-01-16T14:23:27.000778
REV-000056,ORD-20260116-417370,CUST-10014,REST-DXB-002,Outstanding experience! The Naan  Butter Naan  Gajar Halwa  and Chicken Biryani exceeded all expectations. Butter Naan was the star of the meal. Will definitely order again!,5,2026-01-18T17:24:05.000778
REV-000057,ORD-20260116-629581,CUST-10180,REST-AUH-002,Mixed feelings. Fish Curry and Garlic Naan were acceptable. Fish Curry was decent but portion was small for the price.,3,2026-01-22T18:16:31.000778
REV-000060,ORD-20260124-313315,CUST-10117,REST-DXB-001,Great food overall. Garlic Naan  Chicken Tikka Masala  Masala Chai  Lamb Rogan Josh  and Naan were tasty  especially the Naan. Would order again!,4,2026-01-25T11:06:19.000778
REV-000059,ORD-20260123-696206,CUST-10023,REST-AUH-001,Enjoyed the Gulab Jamun (2 pcs)  Garlic Naan  Chole Bhature  and Samosa (2 pcs)! Chole Bhature was very good. Portion sizes were generous. Recommend!,4,2026-01-26T16:17:23.000778
REV-000062,ORD-20260125-881666,CUST-10098,REST-DXB-001,Great food overall. Paneer Butter Masala and Jeera Rice were tasty  especially the Jeera Rice. Would order again!,4,2026-01-27T19:53:22.000778
REV-000058,ORD-20260120-399528,CUST-10441,REST-SHJ-001,Best Indian food in UAE! Kulfi were incredible. Kulfi had the perfect balance of spices. Five stars!,5,2026-01-27T22:00:25.000778
REV-000061,ORD-20260124-778183,CUST-10201,REST-AUH-001,Enjoyed the Rasmalai (2 pcs)  Kulfi  Butter Chicken  and Chicken 65! Rasmalai (2 pcs) was very good. Portion sizes were generous. Recommend!,4,2026-01-31T14:41:07.000778
REV-000064,ORD-20260127-922073,CUST-10119,REST-SHJ-001,Very satisfied! Rasmalai (2 pcs)  Masala Chai  Fish Curry  Butter Chicken  and Fresh Lime Soda were fresh and flavorful. Rasmalai (2 pcs) was the standout dish.,4,2026-02-02T21:01:41.000778
REV-000066,ORD-20260128-420062,CUST-10033,REST-DXB-001,Average experience. Naan and Garlic Naan were fine but Garlic Naan was a bit bland. Room for improvement.,3,2026-02-02T21:57:36.000778
REV-000065,ORD-20260128-126231,CUST-10130,REST-DXB-002,Very satisfied! Paneer Butter Masala and Samosa (2 pcs) were fresh and flavorful. Samosa (2 pcs) was the standout dish.,4,2026-02-03T10:05:39.000778
REV-000063,ORD-20260127-810851,CUST-10304,REST-SHJ-001,Mediocre. Chicken Tikka Masala and Lamb Rogan Josh were fine but forgettable. Chicken Tikka Masala didn't stand out.,3,2026-02-03T19:02:08.000778
REV-000067,ORD-20260202-163929,CUST-10235,REST-DXB-001,Really good Gulab Jamun (2 pcs)  Sweet Lassi  Jeera Rice  Samosa (2 pcs)  and Paneer Butter Masala! The Jeera Rice was delicious. Slight delay in delivery but food quality made up for it.,4,2026-02-08T16:28:58.000778
REV-000070,ORD-20260209-541398,CUST-10125,REST-AUH-001,Enjoyed the Malai Kofta  Butter Naan  Fresh Lime Soda  Palak Paneer  and Masala Chai! Malai Kofta was very good. Portion sizes were generous. Recommend!,4,2026-02-10T10:44:26.000778
REV-000071,ORD-20260210-211712,CUST-10007,REST-AUH-001,Incredible meal! Chicken 65 arrived hot and fresh. The Chicken 65 was absolutely divine. Highly satisfied!,5,2026-02-11T11:08:56.000778
REV-000072,ORD-20260210-950716,CUST-10272,REST-AUH-001,Below expectations. Gulab Jamun (2 pcs)  Dal Makhani  and Naan were underwhelming. Gulab Jamun (2 pcs) was overcooked and dry.,2,2026-02-11T21:11:51.000778
REV-000068,ORD-20260207-463619,CUST-10315,REST-SHJ-001,Outstanding experience! The Gajar Halwa exceeded all expectations. Gajar Halwa was the star of the meal. Will definitely order again!,5,2026-02-12T20:49:52.000778
REV-000074,ORD-20260211-691796,CUST-10448,REST-SHJ-001,Great food overall. Butter Chicken  Samosa (2 pcs)  Naan  and Chicken Tikka Masala were tasty  especially the Butter Chicken. Would order again!,4,2026-02-13T11:05:46.000778
REV-000069,ORD-20260208-924270,CUST-10374,REST-SHJ-001,Outstanding experience! The Dal Makhani  Jeera Rice  and Chole Bhature exceeded all expectations. Dal Makhani was the star of the meal. Will definitely order again!,5,2026-02-13T18:02:36.000778
REV-000073,ORD-20260210-744095,CUST-10026,REST-AUH-002,Average experience. Lamb Rogan Josh and Sweet Lassi were fine but Sweet Lassi was a bit bland. Room for improvement.,3,2026-02-15T21:49:02.000778
REV-000076,ORD-20260211-418564,CUST-10444,REST-SHJ-001,Expected better. Naan  Palak Paneer  and Rasmalai (2 pcs) were subpar. Naan was too oily and greasy. Stomach upset followed.,2,2026-02-16T22:14:47.000778
REV-000075,ORD-20260211-227116,CUST-10230,REST-DXB-001,Wow! Just wow! Garlic Naan were all fantastic. Garlic Naan was particularly memorable. Can't wait to order again!,5,2026-02-17T12:59:57.000778
REV-000078,ORD-20260215-665071,CUST-10433,REST-SHJ-001,Hands down the best Gajar Halwa I've ever had! Gajar Halwa and Tandoori Roti were all prepared beautifully. Fresh and flavorful!,5,2026-02-17T16:45:52.000778
REV-000077,ORD-20260215-315246,CUST-10332,REST-AUH-002,Great food overall. Chicken 65  Samosa (2 pcs)  and Dal Makhani were tasty  especially the Dal Makhani. Would order again!,4,2026-02-18T15:50:06.000778
REV-000080,ORD-20260216-581493,CUST-10497,REST-AUH-001,Mixed feelings. Dal Makhani were acceptable. Dal Makhani was decent but portion was small for the price.,3,2026-02-21T22:55:12.000778
REV-000082,ORD-20260217-850102,CUST-10189,REST-SHJ-001,Disappointed with Dal Makhani  Sweet Lassi  and Paneer Butter Masala. Dal Makhani was cold when it arrived. Not worth the money.,2,2026-02-22T18:48:34.000778
REV-000079,ORD-20260216-772508,CUST-10047,REST-DXB-002,Best Indian food in UAE! Mango Lassi  Jeera Rice  Paneer Tikka  Garlic Naan  and Vegetable Biryani were incredible. Mango Lassi had the perfect balance of spices. Five stars!,5,2026-02-23T10:10:22.000778
REV-000083,ORD-20260218-356209,CUST-10309,REST-DXB-002,Perfect in every way! Aloo Tikki Chaat  Kulfi  Chicken Biryani  Mango Lassi  and Garlic Naan were all excellent. Mango Lassi stood out with its rich  authentic taste.,5,2026-02-23T20:32:41.000778
REV-000081,ORD-20260217-809802,CUST-10271,REST-AUH-001,Good quality food. Paneer Butter Masala  Butter Naan  Vegetable Biryani  and Garlic Naan were nicely done. Paneer Butter Masala could have been slightly spicier but still good!,4,2026-02-24T14:52:42.000778
REV-000084,ORD-20260221-439783,CUST-10208,REST-AUH-001,Really good Garlic Naan  Palak Paneer  Butter Naan  Samosa (2 pcs)  and Paneer Tikka! The Butter Naan was delicious. Slight delay in delivery but food quality made up for it.,4,2026-02-25T11:42:17.000778
REV-000086,ORD-20260224-155584,CUST-10489,REST-AUH-002,Perfect in every way! Garlic Naan  Chicken Tikka Masala  Naan  Chole Bhature  and Chicken Biryani were all excellent. Chicken Biryani stood out with its rich  authentic taste.,5,2026-02-27T10:04:55.000778
REV-000085,ORD-20260221-141378,CUST-10036,REST-DXB-002,Absolutely amazing Malai Kofta  Vegetable Biryani  and Tandoori Roti! The Tandoori Roti was cooked to perfection. Fresh ingredients and authentic flavors. Highly recommend!,5,2026-02-27T19:36:37.000778
REV-000087,ORD-20260227-843506,CUST-10004,REST-DXB-002,Outstanding experience! The Malai Kofta  Tandoori Roti  and Chicken 65 exceeded all expectations. Tandoori Roti was the star of the meal. Will definitely order again!,5,2026-03-04T21:15:41.000778
